{
  "z_score_optimized": {
    "precision": 0.40536183931449904,
    "recall": 0.8312456506610996,
    "f1": 0.5449672084402624,
    "auc": 0.574093244636154,
    "threshold": 1.5
  },
  "isolation_forest_optimized": {
    "precision": 0.43390959841527105,
    "recall": 0.8383785664578984,
    "f1": 0.5718523792571497,
    "auc": 0.6161581306048745,
    "contamination": 0.24000000000000002,
    "threshold": 0.25
  },
  "hybrid": {
    "precision": 0.4127133239392516,
    "recall": 0.9171885873347251,
    "f1": 0.5692689774322427,
    "auc": 0.6055853634761135,
    "threshold": 0.35
  },
  "baseline": {
    "zscore": {
      "precision": 0.4355400696864111,
      "recall": 0.02174669450243563,
      "f1": 0.041425020712510356,
      "auc": 0.5740932822439264
    },
    "iforest": {
      "precision": 0.47540983606557374,
      "recall": 0.12108559498956159,
      "f1": 0.1930116472545757,
      "auc": 0.6036502555372931
    }
  },
  "feature_count": 16,
  "test_size": 15000,
  "positive_ratio": 0.3832
}