{
  "z_score_optimized": {
    "precision": 0.407483341875961,
    "recall": 0.8301427079707623,
    "f1": 0.5466422186568874,
    "auc": 0.5766529987013828,
    "threshold": 1.5
  },
  "isolation_forest_optimized": {
    "precision": 0.43347602739726027,
    "recall": 0.8811347024016707,
    "f1": 0.5810857339607483,
    "auc": 0.6396500180428275,
    "contamination": 0.24000000000000002,
    "threshold": 0.25
  },
  "hybrid": {
    "precision": 0.41263482280431435,
    "recall": 0.9321266968325792,
    "f1": 0.5720388764284952,
    "auc": 0.6232116368376388,
    "threshold": 0.35
  },
  "baseline": {
    "zscore": {
      "precision": 0.34296028880866425,
      "recall": 0.01653324051514097,
      "f1": 0.031545741324921134,
      "auc": 0.5766530175077489
    },
    "iforest": {
      "precision": 0.5317139001349528,
      "recall": 0.1371388792203272,
      "f1": 0.2180409518539015,
      "auc": 0.64300774423583
    }
  },
  "feature_count": 16,
  "test_size": 15000,
  "positive_ratio": 0.38306666666666667
}