{
  "z_score_optimized": {
    "precision": 0.407483341875961,
    "recall": 0.8301427079707623,
    "f1": 0.5466422186568874,
    "auc": 0.5766529987013828,
    "threshold": 1.5
  },
  "isolation_forest_optimized": {
    "precision": 0.5164459632635626,
    "recall": 0.21040723981900453,
    "f1": 0.29899839248176086,
    "auc": 0.64300774423583,
    "contamination": 0.15999999999999998
  },
  "hybrid": {
    "precision": 0.411988437547543,
    "recall": 0.9425687434737209,
    "f1": 0.5733643870421342,
    "auc": 0.6254685323985917,
    "threshold": 0.35
  },
  "baseline": {
    "zscore": {
      "precision": 0.34296028880866425,
      "recall": 0.01653324051514097,
      "f1": 0.031545741324921134,
      "auc": 0.5766530175077489
    },
    "iforest": {
      "precision": 0.5317139001349528,
      "recall": 0.1371388792203272,
      "f1": 0.2180409518539015,
      "auc": 0.64300774423583
    }
  },
  "feature_count": 16,
  "test_size": 15000,
  "positive_ratio": 0.38306666666666667
}