{
  "z_score_optimized": {
    "precision": 0.4444444444444444,
    "recall": 0.5714285714285714,
    "f1": 0.5,
    "auc": 0.5535714285714286,
    "threshold": 1.6
  },
  "isolation_forest_optimized": {
    "precision": 0.42857142857142855,
    "recall": 0.42857142857142855,
    "f1": 0.42857142857142855,
    "auc": 0.5178571428571428,
    "contamination": 0.02,
    "threshold": 0.6499999999999999
  },
  "hybrid": {
    "precision": 0.42857142857142855,
    "recall": 0.42857142857142855,
    "f1": 0.42857142857142855,
    "auc": 0.5357142857142857,
    "threshold": 0.5999999999999999
  },
  "baseline": {
    "zscore": {
      "precision": 0.0,
      "recall": 0.0,
      "f1": 0.0,
      "auc": 0.5535714285714286
    },
    "iforest": {
      "precision": 0.5,
      "recall": 0.5714285714285714,
      "f1": 0.5333333333333333,
      "auc": 0.5178571428571428
    }
  },
  "feature_count": 16,
  "test_size": 15,
  "positive_ratio": 0.4666666666666667
}